id,recording,date,time_BST,time_GMT,transect,track,gain,distance,sea state,notes,ST file,detected_st,detected_cpod_raw,detected_cpod_train,detected_cpod_hp,detected_fpod_raw,detected_fpod_train,detected_fpod_hp,depth ,bearingN,true_distance,tidal_twelfth ,source level 
pb1,rec 1,02/04/2023,10:09:30,09:09:30,1,1.1,30,600,2,engine on,1.1,0,0,0,0,0,0,0,40.1,295.9,598.08868,1,129
pb2,rec 1,02/04/2023,10:10:30,09:10:30,1,1.1,50,600,2,engine on,1.1,0,0,0,0,0,0,0,40.1,295.9,598.08868,1,149
pb3,rec 2,02/04/2023,10:12:00,09:12:00,1,1.1,50,600,2,engine on,1.1,0,0,0,0,0,0,0,40.1,295.9,598.08868,1,145
pb4,rec 2,02/04/2023,10:30:00,09:30:00,1,1.1,30,600,2,engine on,1.1,0,0,0,0,0,0,0,40.1,295.9,598.08868,1,125
pb5,rec 3,02/04/2023,10:13:30,09:13:30,1,1.1,30,600,2,engine on,1.1,0,0,0,0,0,0,0,40.1,295.9,598.08868,1,122
pb6,rec 3,02/04/2023,10:15:30,09:15:30,1,1.1,50,600,2,engine on,1.1,0,0,0,0,0,0,0,40.1,295.9,598.08868,1,142
pb7,rec 4,02/04/2023,10:14:30,09:14:30,1,1.1,30,600,2,,1.1,0,0,0,0,0,0,0,40.1,295.9,598.08868,1,127
pb8,rec 4,02/04/2023,10:16:00,09:16:00,1,1.1,50,600,2,,1.1,0,0,0,0,0,0,0,40.1,295.9,598.08868,1,147
pb9,rec 5,02/04/2023,10:17:00,09:17:00,1,1.1,50,600,2,,1.1,0,0,0,0,0,0,0,40.1,295.9,598.08868,1,151
pb10,rec 5,02/04/2023,10:17:30,09:17:30,1,1.1,30,600,2,,1.1,0,0,0,0,0,0,0,40.1,295.9,598.08868,1,131
pb11,rec 1,02/04/2023,10:21:30,09:21:30,1,1.1,30,500,2,,1.2,0,0,0,0,0,0,0,36.5,294.2,499.12667,1,129
pb12,rec 1,02/04/2023,10:22:30,09:22:30,1,1.1,50,500,2,,1.2,0,0,0,0,0,0,0,36.5,294.2,499.12667,1,149
pb13,rec 2,02/04/2023,10:23:30,09:23:30,1,1.1,50,500,2,,1.2,0,0,0,0,0,0,0,36.5,294.2,499.12667,1,145
pb14,rec 2,02/04/2023,10:24:30,09:24:30,1,1.1,30,500,2,,1.2,0,0,0,0,0,0,0,36.5,294.2,499.12667,1,125
pb15,rec 3,02/04/2023,10:25:30,09:25:30,1,1.1,30,500,2,,1.2,0,0,0,0,0,0,0,36.5,294.2,499.12667,1,122
pb16,rec 3,02/04/2023,10:26:30,09:26:30,1,1.1,50,500,2,,1.2,0,0,0,0,0,0,0,36.5,294.2,499.12667,1,142
pb17,rec 4,02/04/2023,10:27:30,09:27:30,1,1.1,50,500,2,,1.2,0,0,0,0,0,0,0,36.5,294.2,499.12667,1,147
pb18,rec 4,02/04/2023,10:28:30,09:28:30,1,1.1,30,500,2,,1.2,0,0,0,0,0,0,0,36.5,294.2,499.12667,1,127
pb19,rec 5,02/04/2023,10:29:30,09:29:30,1,1.1,30,500,2,,2.1,0,0,0,0,0,0,0,36.5,294.2,499.12667,1,131
pb20,rec 5,02/04/2023,10:30:30,09:30:30,1,1.1,50,500,2,,2.1,0,0,0,0,0,0,0,36.5,294.2,499.12667,1,151
pb21,rec 1,02/04/2023,10:35:00,09:35:00,1,1.1,30,400,2,,2.2,1,0,0,0,0,0,0,32,295.8,401.39187,1,129
pb22,rec 1,02/04/2023,10:36:30,09:36:30,1,1.1,50,400,2,,2.2,1,0,0,0,0,0,0,32,295.8,401.39187,1,149
pb23,rec 2,02/04/2023,10:37:30,09:37:30,1,1.1,50,400,2,,2.2,1,0,0,0,0,0,0,32,295.8,401.39187,1,145
pb24,rec 2,02/04/2023,10:38:30,09:38:30,1,1.1,30,400,2,,2.2,1,0,0,0,0,0,0,32,295.8,401.39187,1,125
pb25,rec 3,02/04/2023,10:39:30,09:39:30,1,1.1,30,400,2,,2.2,0,0,0,0,0,0,0,32,295.8,401.39187,1,122
pb26,rec 3,02/04/2023,10:40:30,09:40:30,1,1.1,50,400,2,,2.2,0,0,0,0,0,0,0,32,295.8,401.39187,1,142
pb27,rec 4,02/04/2023,10:41:30,09:41:30,1,1.1,50,400,2,,2.2,0,0,0,0,0,0,0,32,295.8,401.39187,1,147
pb28,rec 4,02/04/2023,10:42:30,09:42:30,1,1.1,30,400,2,,2.2,0,0,0,0,0,0,0,32,295.8,401.39187,1,127
pb29,rec 5,02/04/2023,10:43:30,09:43:30,1,1.1,30,400,2,,2.2,0,0,0,0,0,0,0,32,295.8,401.39187,1,131
pb30,rec 5,02/04/2023,10:44:30,09:44:30,1,1.1,50,400,2,,2.2,0,0,0,0,0,0,0,32,295.8,401.39187,1,151
pb31,rec 1,02/04/2023,10:49:00,09:49:00,1,1.1,30,300,2,,2.3,1,0,0,0,1,0,0,30.4,280.2,298.39286,1,129
pb32,rec 1,02/04/2023,10:50:00,09:50:00,1,1.1,50,300,2,,2.3,1,1,0,0,1,0,0,30.4,280.2,298.39286,1,149
pb33,rec 2,02/04/2023,10:51:00,09:51:00,1,1.1,50,300,2,,2.3,1,0,0,0,1,0,0,30.4,280.2,298.39286,1,145
pb34,rec 2,02/04/2023,10:52:00,09:52:00,1,1.1,30,300,2,,2.3,0,0,0,0,0,0,0,30.4,280.2,298.39286,1,125
pb35,rec 3,02/04/2023,10:53:00,09:53:00,1,1.1,30,300,2,,2.3,0,0,0,0,0,0,0,30.4,280.2,298.39286,1,122
pb36,rec 3,02/04/2023,10:54:00,09:54:00,1,1.1,50,300,2,,2.3,1,0,0,0,0,0,0,30.4,280.2,298.39286,1,142
pb37,rec 4,02/04/2023,10:55:00,09:55:00,1,1.1,50,300,2,,2.3,1,0,0,0,0,0,0,30.4,280.2,298.39286,1,147
pb38,rec 4,02/04/2023,10:56:00,09:56:00,1,1.1,30,300,2,,2.3,0,0,0,0,0,0,0,30.4,280.2,298.39286,1,127
pb39,rec 5,02/04/2023,10:57:30,09:57:30,1,1.1,30,300,2,,2.3,1,0,0,0,0,0,0,30.4,280.2,298.39286,1,131
pb40,rec 5,02/04/2023,10:58:30,09:58:30,1,1.1,50,300,2,,2.3,1,0,0,0,0,0,0,30.4,280.2,298.39286,1,151
pb41,rec 1,02/04/2023,11:06:00,10:06:00,1,1.1,50,200,2,,2.4,1,1,1,0,1,0,0,31.3,298.4,225.97616,2,149
pb42,rec 1,02/04/2023,11:07:00,10:07:00,1,1.1,30,200,2,,2.4,1,1,0,0,1,0,0,31.3,298.4,225.97616,2,129
pb43,rec 2,02/04/2023,11:08:00,10:08:00,1,1.1,30,200,2,,2.4,1,0,0,0,1,0,0,31.3,298.4,225.97616,2,125
pb44,rec 2,02/04/2023,11:09:00,10:09:00,1,1.1,50,200,2,,2.4,1,1,1,0,1,0,0,31.3,298.4,225.97616,2,145
pb45,rec 3,02/04/2023,11:10:00,10:10:00,1,1.1,50,200,2,,2.4,1,1,0,0,1,0,0,31.3,298.4,225.97616,2,142
pb46,rec 3,02/04/2023,11:11:00,10:11:00,1,1.1,30,200,2,,2.4,0,0,0,0,1,0,0,31.3,298.4,225.97616,2,122
pb47,rec 4,02/04/2023,11:12:00,10:12:00,1,1.1,30,200,2,,2.4,0,0,0,0,1,0,0,31.3,298.4,225.97616,2,127
pb48,rec 4,02/04/2023,11:13:00,10:13:00,1,1.1,50,200,2,,2.4,1,1,0,0,1,0,0,31.3,298.4,225.97616,2,147
pb49,rec 5,02/04/2023,11:14:00,10:14:00,1,1.1,50,200,2,,3.1,1,1,0,0,1,0,0,31.3,298.4,225.97616,2,151
pb50,rec 5,02/04/2023,11:15:00,10:15:00,1,1.1,30,200,2,,3.1,1,1,0,0,1,0,0,31.3,298.4,225.97616,2,131
pb51,rec 1,02/04/2023,11:24:30,10:24:30,1,1.1,30,100,2,,3.2,1,1,0,0,1,0,0,25.5,295,128.75416,2,129
pb52,rec 1,02/04/2023,11:25:30,10:25:30,1,1.1,50,100,2,,3.2,1,1,1,0,1,0,0,25.5,295,128.75416,2,149
pb53,rec 2,02/04/2023,11:26:30,10:26:30,1,1.1,50,100,2,,3.2,1,1,1,0,1,0,0,25.5,295,128.75416,2,145
pb54,rec 2,02/04/2023,11:27:30,10:27:30,1,1.1,30,100,2,,3.2,1,1,0,0,1,1,0,25.5,295,128.75416,2,125
pb55,rec 3,02/04/2023,11:28:30,10:28:30,1,1.1,30,100,2,,3.2,1,1,0,0,1,0,0,25.5,295,128.75416,2,122
pb56,rec 3,02/04/2023,11:29:30,10:29:30,1,1.1,50,100,2,,3.2,1,1,1,0,1,0,0,25.5,295,128.75416,2,142
pb57,rec 4,02/04/2023,11:30:45,10:30:45,1,1.1,50,100,2,,3.2,1,1,0,0,1,0,0,25.5,295,128.75416,2,147
pb58,rec 4,02/04/2023,11:31:45,10:31:45,1,1.1,30,100,2,,3.2,1,1,1,1,1,0,0,25.5,295,128.75416,2,127
pb59,rec 5,02/04/2023,11:33:00,10:33:00,1,1.1,30,100,2,,3.2,1,1,0,0,1,0,0,25.5,295,128.75416,2,131
pb60,rec 5,02/04/2023,11:34:00,10:34:00,1,1.1,50,100,2,,3.2,0,1,1,0,1,1,0,25.5,295,128.75416,2,151
pb61,rec 1,02/04/2023,12:01:00,11:01:00,1,1.2,30,600,2,,4.1,0,0,0,0,0,0,0,40.1,295.9,598.08868,2,129
pb62,rec 1,02/04/2023,12:02:00,11:02:00,1,1.2,50,600,2,,4.1,0,0,0,0,0,0,0,40.1,295.9,598.08868,3,149
pb63,rec 2,02/04/2023,12:09:00,11:09:00,1,1.2,50,600,2,,4.1,0,0,0,0,0,0,0,40.1,295.9,598.08868,3,145
pb64,rec 2,02/04/2023,12:10:00,11:10:00,1,1.2,30,600,2,,4.1,0,0,0,0,0,0,0,40.1,295.9,598.08868,3,125
pb65,rec 3,02/04/2023,12:11:00,11:11:00,1,1.2,30,600,2,,4.1,0,0,0,0,0,0,0,40.1,295.9,598.08868,3,122
pb66,rec 3,02/04/2023,12:12:00,11:12:00,1,1.2,50,600,2,,4.1,0,0,0,0,0,0,0,40.1,295.9,598.08868,3,142
pb67,rec 4,02/04/2023,12:15:00,11:15:00,1,1.2,30,600,2,,4.1,0,0,0,0,0,0,0,40.1,295.9,598.08868,3,127
pb68,rec 4,02/04/2023,12:16:00,11:16:00,1,1.2,50,600,2,,4.1,0,0,0,0,0,0,0,40.1,295.9,598.08868,3,147
pb69,rec 5,02/04/2023,12:16:30,11:16:30,1,1.2,50,600,2,,4.1,0,0,0,0,0,0,0,40.1,295.9,598.08868,3,151
pb70,rec 5,02/04/2023,12:17:30,11:17:30,1,1.2,30,600,2,,4.1,0,0,0,0,0,0,0,40.1,295.9,598.08868,3,131
pb71,rec 1,02/04/2023,12:20:30,11:20:30,1,1.2,30,500,2,,4.2,0,0,0,0,0,0,0,36.5,294.2,499.12667,3,129
pb72,rec 1,02/04/2023,12:21:30,11:21:30,1,1.2,50,500,2,,4.2,0,0,0,0,0,0,0,36.5,294.2,499.12667,3,149
pb73,rec 2,02/04/2023,12:22:30,11:22:30,1,1.2,50,500,2,,4.2,0,0,0,0,0,0,0,36.5,294.2,499.12667,3,145
pb74,rec 2,02/04/2023,12:23:30,11:23:30,1,1.2,30,500,2,,4.2,0,0,0,0,0,0,0,36.5,294.2,499.12667,3,125
pb75,rec 3,02/04/2023,12:26:00,11:26:00,1,1.2,30,500,2,,4.2,0,0,0,0,0,0,0,36.5,294.2,499.12667,3,122
pb76,rec 3,02/04/2023,12:27:00,11:27:00,1,1.2,50,500,2,,4.2,0,0,0,0,0,0,0,36.5,294.2,499.12667,3,142
pb77,rec 4,02/04/2023,12:28:00,11:28:00,1,1.2,50,500,2,,4.2,0,0,0,0,0,0,0,36.5,294.2,499.12667,3,147
pb78,rec 4,02/04/2023,12:29:00,11:29:00,1,1.2,30,500,2,,4.2,0,0,0,0,0,0,0,36.5,294.2,499.12667,3,127
pb79,rec 5,02/04/2023,12:31:30,11:31:30,1,1.2,30,500,2,,4.2,0,0,0,0,0,0,0,36.5,294.2,499.12667,3,131
pb80,rec 5,02/04/2023,12:32:30,11:32:30,1,1.2,50,500,2,,4.2,0,0,0,0,0,0,0,36.5,294.2,499.12667,3,151
pb81,rec 1,02/04/2023,12:34:30,11:34:30,1,1.2,30,400,2,,4.3,0,0,0,0,0,0,0,32,295.8,401.39187,3,129
pb82,rec 1,02/04/2023,12:35:30,11:35:30,1,1.2,50,400,2,,4.3,0,0,0,0,0,0,0,32,295.8,401.39187,3,149
pb83,rec 2,02/04/2023,12:36:30,11:36:30,1,1.2,50,400,2,,4.3,0,0,0,0,0,0,0,32,295.8,401.39187,3,145
pb84,rec 2,02/04/2023,12:37:30,11:37:30,1,1.2,30,400,2,,4.3,0,0,0,0,0,0,0,32,295.8,401.39187,3,125
pb85,rec 3,02/04/2023,12:38:30,11:38:30,1,1.2,30,400,2,,4.3,0,0,0,0,0,0,0,32,295.8,401.39187,3,122
pb86,rec 3,02/04/2023,12:40:00,11:40:00,1,1.2,50,400,2,,4.3,0,0,0,0,0,0,0,32,295.8,401.39187,3,142
pb87,rec 4,02/04/2023,12:41:30,11:41:30,1,1.2,50,400,2,,4.3,0,0,0,0,0,0,0,32,295.8,401.39187,3,147
pb88,rec 4,02/04/2023,12:42:30,11:42:30,1,1.2,30,400,2,,4.3,0,0,0,0,0,0,0,32,295.8,401.39187,3,127
pb89,rec 5,02/04/2023,12:43:30,11:43:30,1,1.2,30,400,2,,5.1,0,0,0,0,0,0,0,32,295.8,401.39187,3,131
pb90,rec 5,02/04/2023,12:44:30,11:44:30,1,1.2,50,400,2,,5.1,0,0,0,0,1,0,0,32,295.8,401.39187,3,151
pb91,rec 1,02/04/2023,12:47:00,11:47:00,1,1.2,30,300,2,,5.2,1,0,0,0,0,0,0,30.4,280.2,298.39286,3,129
pb92,rec 1,02/04/2023,12:48:00,11:48:00,1,1.2,50,300,2,,5.2,1,0,0,0,0,0,0,30.4,280.2,298.39286,3,149
pb93,rec 2,02/04/2023,12:49:00,11:49:00,1,1.2,50,300,2,,5.2,1,0,0,0,0,0,0,30.4,280.2,298.39286,3,145
pb94,rec 2,02/04/2023,12:50:00,11:50:00,1,1.2,30,300,2,,5.2,0,0,0,0,0,0,0,30.4,280.2,298.39286,3,125
pb95,rec 3,02/04/2023,12:51:00,11:51:00,1,1.2,30,300,2,,5.2,0,0,0,0,0,0,0,30.4,280.2,298.39286,3,122
pb96,rec 3,02/04/2023,12:52:00,11:52:00,1,1.2,50,300,2,,5.2,0,0,0,0,0,0,0,30.4,280.2,298.39286,3,142
pb97,rec 4,02/04/2023,12:54:30,11:54:30,1,1.2,30,300,2,,5.2,0,0,0,0,0,0,0,30.4,280.2,298.39286,3,127
pb98,rec 4,02/04/2023,12:55:30,11:55:30,1,1.2,50,300,2,,5.2,1,0,0,0,0,0,0,30.4,280.2,298.39286,3,147
pb99,rec 5,02/04/2023,12:56:30,11:56:30,1,1.2,50,300,2,,5.2,1,0,0,0,0,0,0,30.4,280.2,298.39286,3,151
pb100,rec 5,02/04/2023,12:57:30,11:57:30,1,1.2,30,300,2,,5.2,1,0,0,0,0,0,0,30.4,280.2,298.39286,3,131
pb101,rec 1,02/04/2023,13:02:30,12:02:30,1,1.2,30,200,2,,5.3,1,1,0,0,1,0,0,31.3,298.4,225.97616,3,129
pb102,rec 1,02/04/2023,13:03:30,12:03:30,1,1.2,50,200,2,,5.3,1,1,0,0,1,0,0,31.3,298.4,225.97616,3,149
pb103,rec 2,02/04/2023,13:04:30,12:04:30,1,1.2,50,200,2,,5.3,1,1,0,0,1,0,0,31.3,298.4,225.97616,3,145
pb104,rec 2,02/04/2023,13:05:30,12:05:30,1,1.2,30,200,2,,5.3,1,0,0,0,1,0,0,31.3,298.4,225.97616,3,125
pb105,rec 3,02/04/2023,13:06:30,12:06:30,1,1.2,50,200,2,,5.3,0,0,0,0,0,0,0,31.3,298.4,225.97616,3,142
pb106,rec 3,02/04/2023,13:08:30,12:08:30,1,1.2,30,200,2,,5.3,0,0,0,0,1,0,0,31.3,298.4,225.97616,3,122
pb107,rec 4,02/04/2023,13:09:30,12:09:30,1,1.2,30,200,2,,5.3,0,0,0,0,1,0,0,31.3,298.4,225.97616,3,127
pb108,rec 4,02/04/2023,13:10:30,12:10:30,1,1.2,50,200,2,,5.3,1,0,0,0,1,0,0,31.3,298.4,225.97616,3,147
pb109,rec 5,02/04/2023,13:13:30,12:13:30,1,1.2,50,200,2,,5.3,1,1,1,0,1,0,0,31.3,298.4,225.97616,3,151
pb110,rec 5,02/04/2023,13:14:30,12:14:30,1,1.2,30,200,2,,5.3,1,1,0,0,1,0,0,31.3,298.4,225.97616,3,131
pb111,rec 1,02/04/2023,13:23:00,12:23:00,1,1.2,30,100,2,,5.4,1,1,1,1,1,0,0,25.5,295,128.75416,3,129
pb112,rec 1,02/04/2023,13:24:00,12:24:00,1,1.2,50,100,2,,5.4,1,1,0,0,1,0,0,25.5,295,128.75416,3,149
pb113,rec 2,02/04/2023,13:25:00,12:25:00,1,1.2,50,100,2,,5.4,1,1,1,1,1,0,0,25.5,295,128.75416,3,145
pb114,rec 2,02/04/2023,13:26:00,12:26:00,1,1.2,30,100,2,,5.4,1,1,1,0,1,1,0,25.5,295,128.75416,3,125
pb115,rec 3,02/04/2023,13:28:00,12:28:00,1,1.2,30,100,2,,5.4,1,1,1,1,1,1,1,25.5,295,128.75416,3,122
pb116,rec 3,02/04/2023,13:29:00,12:29:00,1,1.2,50,100,2,,6.1,1,1,0,0,1,0,0,25.5,295,128.75416,3,142
pb117,rec 4,02/04/2023,13:30:00,12:30:00,1,1.2,50,100,2,,6.1,1,1,1,1,1,0,0,25.5,295,128.75416,3,147
pb118,rec 4,02/04/2023,13:31:00,12:31:00,1,1.2,30,100,2,,6.1,1,1,1,1,1,1,0,25.5,295,128.75416,3,127
pb119,rec 5,02/04/2023,13:32:00,12:32:00,1,1.2,30,100,2,,6.1,1,1,1,0,1,1,0,25.5,295,128.75416,3,131
pb120,rec 5,02/04/2023,13:33:00,12:33:00,1,1.2,50,100,2,,6.1,1,1,0,0,1,0,0,25.5,295,128.75416,3,151
pb121,rec 1,02/04/2023,13:51:00,12:51:00,2,2.1,30,600,2,,6.2,0,0,0,0,0,0,0,18.2,10.7,602.3707,3,129
pb122,rec 1,02/04/2023,13:52:00,12:52:00,2,2.1,50,600,2,,6.2,0,0,0,0,0,0,0,18.2,10.7,602.3707,3,149
pb123,rec 2,02/04/2023,13:53:00,12:53:00,2,2.1,50,600,2,,6.2,0,0,0,0,0,0,0,18.2,10.7,602.3707,3,145
pb124,rec 2,02/04/2023,13:54:00,12:54:00,2,2.1,30,600,2,,6.2,0,0,0,0,0,0,0,18.2,10.7,602.3707,3,125
pb125,rec 3,02/04/2023,13:55:00,12:55:00,2,2.1,30,600,2,,6.2,0,0,0,0,0,0,0,18.2,10.7,602.3707,3,122
pb126,rec 3,02/04/2023,13:56:00,12:56:00,2,2.1,50,600,2,,6.2,0,0,0,0,0,0,0,18.2,10.7,602.3707,3,142
pb127,rec 4,02/04/2023,13:58:30,12:58:30,2,2.1,50,600,2,,6.2,0,0,0,0,0,0,0,18.2,10.7,602.3707,3,147
pb128,rec 4,02/04/2023,13:59:30,12:59:30,2,2.1,30,600,2,,6.2,0,0,0,0,0,0,0,18.2,10.7,602.3707,3,127
pb129,rec 5,02/04/2023,14:00:00,13:00:00,2,2.1,50,600,2,,6.2,0,0,0,0,0,0,0,18.2,10.7,602.3707,3,151
pb130,rec 5,02/04/2023,14:01:00,13:01:00,2,2.1,30,600,2,,6.2,0,0,0,0,0,0,0,18.2,10.7,602.3707,3,131
pb131,rec 1,02/04/2023,14:03:00,13:03:00,2,2.1,30,500,2,,6.3,0,0,0,0,0,0,0,19,10,498.2751,2,129
pb132,rec 1,02/04/2023,14:04:00,13:04:00,2,2.1,50,500,2,,6.3,0,0,0,0,0,0,0,19,10,498.2751,2,149
pb133,rec 2,02/04/2023,14:05:00,13:05:00,2,2.1,30,500,2,,6.3,0,0,0,0,0,0,0,19,10,498.2751,2,125
pb134,rec 2,02/04/2023,14:06:00,13:06:00,2,2.1,50,500,2,,6.3,0,0,0,0,0,0,0,19,10,498.2751,2,145
pb135,rec 3,02/04/2023,14:08:00,13:08:00,2,2.1,30,500,2,,6.3,0,0,0,0,0,0,0,19,10,498.2751,2,122
pb136,rec 3,02/04/2023,14:09:00,13:09:00,2,2.1,50,500,2,,6.3,0,0,0,0,0,0,0,19,10,498.2751,2,142
pb137,rec 4,02/04/2023,14:10:00,13:10:00,2,2.1,50,500,2,,6.3,0,0,0,0,0,0,0,19,10,498.2751,2,147
pb138,rec 4,02/04/2023,14:11:00,13:11:00,2,2.1,30,500,2,,6.3,0,0,0,0,0,0,0,19,10,498.2751,2,127
pb139,rec 5,02/04/2023,14:12:00,13:12:00,2,2.1,30,500,2,,6.3,0,0,0,0,0,0,0,19,10,498.2751,2,131
pb140,rec 5,02/04/2023,14:13:00,13:13:00,2,2.1,50,500,2,,6.3,0,0,0,0,0,0,0,19,10,498.2751,2,151
pb141,rec 1,02/04/2023,14:16:00,13:16:00,2,2.1,30,400,2,,7.1,0,0,0,0,0,0,0,20.5,9.2,397.9081,2,129
pb142,rec 1,02/04/2023,14:17:00,13:17:00,2,2.1,50,400,2,,7.1,0,0,0,0,0,0,0,20.5,9.2,397.9081,2,149
pb143,rec 2,02/04/2023,14:18:00,13:18:00,2,2.1,30,400,2,,7.1,0,0,0,0,0,0,0,20.5,9.2,397.9081,2,125
pb144,rec 2,02/04/2023,14:19:00,13:19:00,2,2.1,50,400,2,,7.1,0,0,0,0,0,0,0,20.5,9.2,397.9081,2,145
pb145,rec 3,02/04/2023,14:20:00,13:20:00,2,2.1,30,400,2,,7.1,0,0,0,0,0,0,0,20.5,9.2,397.9081,2,122
pb146,rec 3,02/04/2023,14:21:00,13:21:00,2,2.1,50,400,2,,7.1,0,0,0,0,0,0,0,20.5,9.2,397.9081,2,142
pb147,rec 4,02/04/2023,14:22:00,13:22:00,2,2.1,50,400,2,,7.1,0,0,0,0,0,0,0,20.5,9.2,397.9081,2,147
pb148,rec 4,02/04/2023,14:23:00,13:23:00,2,2.1,30,400,2,,7.1,0,0,0,0,0,0,0,20.5,9.2,397.9081,2,127
pb149,rec 5,02/04/2023,14:24:00,13:24:00,2,2.1,30,400,2,,7.1,0,0,0,0,0,0,0,20.5,9.2,397.9081,2,131
pb150,rec 5,02/04/2023,14:25:00,13:25:00,2,2.1,50,400,2,,7.1,0,0,0,0,0,0,0,20.5,9.2,397.9081,2,151
pb151,rec 1,02/04/2023,14:29:00,13:29:00,2,2.1,50,300,2,,7.2,1,0,0,0,1,0,0,22.3,7.9,297.669,2,149
pb152,rec 1,02/04/2023,14:30:00,13:30:00,2,2.1,30,300,2,,7.2,1,0,0,0,1,0,0,22.3,7.9,297.669,2,129
pb153,rec 2,02/04/2023,14:31:00,13:31:00,2,2.1,30,300,2,,7.2,0,0,0,0,0,0,0,22.3,7.9,297.669,2,125
pb154,rec 2,02/04/2023,14:32:00,13:32:00,2,2.1,50,300,2,,7.2,1,0,0,0,1,0,0,22.3,7.9,297.669,2,145
pb155,rec 3,02/04/2023,14:33:00,13:33:00,2,2.1,50,300,2,,7.2,1,0,0,0,0,0,0,22.3,7.9,297.669,2,142
pb156,rec 3,02/04/2023,14:34:00,13:34:00,2,2.1,30,300,2,,7.2,0,0,0,0,0,0,0,22.3,7.9,297.669,2,122
pb157,rec 4,02/04/2023,14:35:00,13:35:00,2,2.1,30,300,2,,7.2,0,0,0,0,0,0,0,22.3,7.9,297.669,2,127
pb158,rec 4,02/04/2023,14:36:00,13:36:00,2,2.1,50,300,2,,7.2,1,0,0,0,0,0,0,22.3,7.9,297.669,2,147
pb159,rec 5,02/04/2023,14:37:00,13:37:00,2,2.1,50,300,2,,7.2,1,0,0,0,1,0,0,22.3,7.9,297.669,2,151
pb160,rec 5,02/04/2023,14:38:00,13:38:00,2,2.1,30,300,2,,7.2,1,0,0,0,1,0,0,22.3,7.9,297.669,2,131
pb161,rec 1,02/04/2023,14:41:00,13:41:00,2,2.1,30,200,2,,7.3,1,1,0,0,1,0,0,25.3,3.6,197.32201,2,129
pb162,rec 1,02/04/2023,14:42:00,13:42:00,2,2.1,50,200,2,,7.3,1,1,1,0,1,0,0,25.3,3.6,197.32201,2,149
pb163,rec 2,02/04/2023,14:43:00,13:43:00,2,2.1,50,200,2,,7.3,1,0,0,0,1,0,0,25.3,3.6,197.32201,2,145
pb164,rec 2,02/04/2023,14:44:00,13:44:00,2,2.1,30,200,2,,7.3,1,0,0,0,1,0,0,25.3,3.6,197.32201,2,125
pb165,rec 3,02/04/2023,14:45:00,13:45:00,2,2.1,30,200,2,,7.3,0,0,0,0,1,0,0,25.3,3.6,197.32201,2,122
pb166,rec 3,02/04/2023,14:46:00,13:46:00,2,2.1,50,200,2,,7.3,1,1,0,0,1,0,0,25.3,3.6,197.32201,2,142
pb167,rec 4,02/04/2023,14:47:00,13:47:00,2,2.1,50,200,2,,7.3,1,1,0,0,1,1,1,25.3,3.6,197.32201,2,147
pb168,rec 4,02/04/2023,14:49:00,13:49:00,2,2.1,30,200,2,,7.3,1,0,0,0,1,1,0,25.3,3.6,197.32201,2,127
pb169,rec 5,02/04/2023,14:50:00,13:50:00,2,2.1,30,200,2,,7.3,1,1,0,0,1,0,0,25.3,3.6,197.32201,2,131
pb170,rec 5,02/04/2023,14:51:00,13:51:00,2,2.1,50,200,2,,7.3,1,1,0,0,1,0,0,25.3,3.6,197.32201,2,151
pb171,rec 1,02/04/2023,14:54:00,13:54:00,2,2.1,30,100,2,,7.4,1,1,1,1,1,0,0,17.8,6.7,101.93101,2,129
pb172,rec 1,02/04/2023,14:55:00,13:55:00,2,2.1,50,100,2,,7.4,1,1,1,0,1,0,0,17.8,6.7,101.93101,2,149
pb173,rec 2,02/04/2023,14:56:00,13:56:00,2,2.1,50,100,2,,7.4,1,1,0,0,1,0,0,17.8,6.7,101.93101,2,145
pb174,rec 2,02/04/2023,14:57:00,13:57:00,2,2.1,30,100,2,,7.4,1,1,1,0,1,0,0,17.8,6.7,101.93101,2,125
pb175,rec 3,02/04/2023,14:58:00,13:58:00,2,2.1,30,100,2,,7.4,1,1,1,1,1,1,0,17.8,6.7,101.93101,2,122
pb176,rec 3,02/04/2023,14:59:00,13:59:00,2,2.1,50,100,2,,8.1,1,1,1,0,1,0,0,17.8,6.7,101.93101,2,142
pb177,rec 4,02/04/2023,15:00:00,14:00:00,2,2.1,50,100,2,,8.1,1,1,1,0,1,1,0,17.8,6.7,101.93101,2,147
pb178,rec 4,02/04/2023,15:01:00,14:01:00,2,2.1,30,100,2,,8.1,1,1,1,1,1,1,0,17.8,6.7,101.93101,2,127
pb179,rec 5,02/04/2023,15:02:00,14:02:00,2,2.1,30,100,2,,8.1,1,1,0,0,1,0,0,17.8,6.7,101.93101,1,131
pb180,rec 5,02/04/2023,15:03:00,14:03:00,2,2.1,50,100,2,,8.1,1,1,0,0,1,0,0,17.8,6.7,101.93101,1,151
pb181,rec 1,02/04/2023,15:17:00,14:17:00,2,2.2,30,600,2,,8.2,0,0,0,0,0,0,0,18.2,10.7,602.3707,1,129
pb182,rec 1,02/04/2023,15:18:00,14:18:00,2,2.2,50,600,2,,8.2,0,0,0,0,0,0,0,18.2,10.7,602.3707,1,149
pb183,rec 2,02/04/2023,15:19:00,14:19:00,2,2.2,50,600,2,,8.2,0,0,0,0,0,0,0,18.2,10.7,602.3707,1,145
pb184,rec 2,02/04/2023,15:20:00,14:20:00,2,2.2,30,600,2,,8.2,0,0,0,0,0,0,0,18.2,10.7,602.3707,1,125
pb185,rec 3,02/04/2023,15:23:00,14:23:00,2,2.2,30,600,2,,8.2,0,0,0,0,0,0,0,18.2,10.7,602.3707,1,122
pb186,rec 3,02/04/2023,15:24:00,14:24:00,2,2.2,50,600,2,,8.2,0,0,0,0,0,0,0,18.2,10.7,602.3707,1,142
pb187,rec 4,02/04/2023,15:25:00,14:25:00,2,2.2,50,600,2,,8.2,0,0,0,0,0,0,0,18.2,10.7,602.3707,1,147
pb188,rec 4,02/04/2023,15:26:00,14:26:00,2,2.2,30,600,2,,8.2,0,0,0,0,0,0,0,18.2,10.7,602.3707,1,127
pb189,rec 5,02/04/2023,15:27:00,14:27:00,2,2.2,30,600,2,,8.2,0,0,0,0,0,0,0,18.2,10.7,602.3707,1,131
pb190,rec 5,02/04/2023,15:28:00,14:28:00,2,2.2,50,600,2,,8.2,0,0,0,0,0,0,0,18.2,10.7,602.3707,1,151
pb191,rec 1,02/04/2023,15:30:30,14:30:30,2,2.2,30,500,2,,8.3,0,0,0,0,0,0,0,19,10,498.2751,1,129
pb192,rec 1,02/04/2023,15:31:30,14:31:30,2,2.2,50,500,2,,8.3,0,0,0,0,0,0,0,19,10,498.2751,1,149
pb193,rec 2,02/04/2023,15:32:30,14:32:30,2,2.2,50,500,2,,8.3,0,0,0,0,0,0,0,19,10,498.2751,1,145
pb194,rec 2,02/04/2023,15:33:30,14:33:30,2,2.2,30,500,2,,8.3,0,0,0,0,0,0,0,19,10,498.2751,1,125
pb195,rec 3,02/04/2023,15:34:30,14:34:30,2,2.2,30,500,2,,8.3,0,0,0,0,0,0,0,19,10,498.2751,1,122
pb196,rec 3,02/04/2023,15:35:30,14:35:30,2,2.2,50,500,2,,8.3,0,0,0,0,0,0,0,19,10,498.2751,1,142
pb197,rec 4,02/04/2023,15:36:30,14:36:30,2,2.2,50,500,2,,8.3,0,0,0,0,0,0,0,19,10,498.2751,1,147
pb198,rec 4,02/04/2023,15:38:30,14:38:30,2,2.2,30,500,2,,8.3,0,0,0,0,0,0,0,19,10,498.2751,1,127
pb199,rec 5,02/04/2023,15:39:45,14:39:45,2,2.2,30,500,2,,8.3,0,0,0,0,0,0,0,19,10,498.2751,1,131
pb200,rec 5,02/04/2023,15:40:45,14:40:45,2,2.2,50,500,2,,8.3,0,0,0,0,0,0,0,19,10,498.2751,1,151
pb201,rec 1,02/04/2023,15:44:00,14:44:00,2,2.2,50,400,2,,9.1,0,0,0,0,0,0,0,20.5,9.2,397.9081,1,149
pb202,rec 1,02/04/2023,15:45:00,14:45:00,2,2.2,30,400,2,,9.1,0,0,0,0,0,0,0,20.5,9.2,397.9081,1,129
pb203,rec 2,02/04/2023,15:46:00,14:46:00,2,2.2,30,400,2,,9.1,0,0,0,0,0,0,0,20.5,9.2,397.9081,1,125
pb204,rec 2,02/04/2023,15:47:00,14:47:00,2,2.2,50,400,2,,9.1,0,0,0,0,0,0,0,20.5,9.2,397.9081,1,145
pb205,rec 3,02/04/2023,15:48:00,14:48:00,2,2.2,30,400,2,,9.1,0,0,0,0,0,0,0,20.5,9.2,397.9081,1,122
pb206,rec 3,02/04/2023,15:51:00,14:51:00,2,2.2,50,400,2,,9.1,0,0,0,0,0,0,0,20.5,9.2,397.9081,1,142
pb207,rec 4,02/04/2023,15:52:00,14:52:00,2,2.2,50,400,2,,9.1,0,0,0,0,0,0,0,20.5,9.2,397.9081,1,147
pb208,rec 4,02/04/2023,15:53:00,14:53:00,2,2.2,30,400,2,,9.1,0,0,0,0,0,0,0,20.5,9.2,397.9081,1,127
pb209,rec 5,02/04/2023,15:54:00,14:54:00,2,2.2,30,400,2,,9.1,0,0,0,0,0,0,0,20.5,9.2,397.9081,1,131
pb210,rec 5,02/04/2023,15:55:00,14:55:00,2,2.2,50,400,2,,9.1,0,0,0,0,0,0,0,20.5,9.2,397.9081,1,151
pb211,rec 1,02/04/2023,15:57:00,14:57:00,2,2.2,30,300,2,,9.2,1,0,0,0,1,0,0,22.3,7.9,297.669,1,129
pb212,rec 1,02/04/2023,15:59:00,14:59:00,2,2.2,50,300,2,,9.2,1,0,0,0,0,0,0,22.3,7.9,297.669,1,149
pb213,rec 2,02/04/2023,16:00:00,15:00:00,2,2.2,50,300,2,,9.2,1,0,0,0,1,0,0,22.3,7.9,297.669,1,145
pb214,rec 2,02/04/2023,16:01:00,15:01:00,2,2.2,30,300,2,,9.2,0,0,0,0,0,0,0,22.3,7.9,297.669,1,125
pb215,rec 3,02/04/2023,16:03:00,15:03:00,2,2.2,30,300,2,,9.2,0,0,0,0,1,0,0,22.3,7.9,297.669,0,122
pb216,rec 3,02/04/2023,16:04:00,15:04:00,2,2.2,50,300,2,,9.2,1,0,0,0,1,0,0,22.3,7.9,297.669,0,142
pb217,rec 4,02/04/2023,16:05:00,15:05:00,2,2.2,50,300,2,,9.2,1,0,0,0,1,0,0,22.3,7.9,297.669,0,147
pb218,rec 4,02/04/2023,16:06:00,15:06:00,2,2.2,30,300,2,,9.2,0,0,0,0,0,0,0,22.3,7.9,297.669,0,127
pb219,rec 5,02/04/2023,16:07:00,15:07:00,2,2.2,30,300,2,,9.2,0,0,0,0,0,0,0,22.3,7.9,297.669,0,131
pb220,rec 5,02/04/2023,16:08:00,15:08:00,2,2.2,50,300,2,,9.2,0,0,0,0,0,0,0,22.3,7.9,297.669,0,151
pb221,rec 1,02/04/2023,16:10:45,15:10:45,2,2.2,30,200,2,,9.3,1,1,1,0,1,0,0,25.3,3.6,197.32201,0,129
pb222,rec 1,02/04/2023,16:12:00,15:12:00,2,2.2,50,200,2,,9.3,1,1,1,0,1,0,0,25.3,3.6,197.32201,0,149
pb223,rec 2,02/04/2023,16:13:00,15:13:00,2,2.2,50,200,2,,9.3,1,1,0,0,0,0,0,25.3,3.6,197.32201,0,145
pb224,rec 2,02/04/2023,16:14:00,15:14:00,2,2.2,30,200,2,,9.3,0,0,0,0,0,0,0,25.3,3.6,197.32201,0,125
pb225,rec 3,02/04/2023,16:15:00,15:15:00,2,2.2,30,200,2,,9.3,0,0,0,0,0,0,0,25.3,3.6,197.32201,0,122
pb226,rec 3,02/04/2023,16:17:00,15:17:00,2,2.2,50,200,2,,9.3,1,1,0,0,1,1,0,25.3,3.6,197.32201,0,142
pb227,rec 4,02/04/2023,16:18:00,15:18:00,2,2.2,50,200,2,,9.3,1,0,0,0,1,1,0,25.3,3.6,197.32201,0,147
pb228,rec 4,02/04/2023,16:19:00,15:19:00,2,2.2,30,200,2,,9.3,1,0,0,0,1,1,0,25.3,3.6,197.32201,0,127
pb229,rec 5,02/04/2023,16:20:00,15:20:00,2,2.2,30,200,2,,9.3,1,0,1,0,1,0,0,25.3,3.6,197.32201,0,131
pb230,rec 5,02/04/2023,16:21:00,15:21:00,2,2.2,50,200,2,,9.3,1,0,0,0,1,0,0,25.3,3.6,197.32201,0,151
pb231,rec 1,02/04/2023,16:23:30,15:23:30,2,2.2,30,100,2,,9.4,1,1,1,0,1,0,0,17.8,6.7,101.93101,0,129
pb232,rec 1,02/04/2023,16:24:30,15:24:30,2,2.2,50,100,2,,9.4,1,1,0,0,1,0,0,17.8,6.7,101.93101,0,149
pb233,rec 2,02/04/2023,16:25:30,15:25:30,2,2.2,50,100,2,,9.4,1,1,0,0,1,0,0,17.8,6.7,101.93101,0,145
pb234,rec 2,02/04/2023,16:27:45,15:27:45,2,2.2,30,100,2,,9.4,1,1,1,0,1,1,0,17.8,6.7,101.93101,0,125
pb235,rec 3,02/04/2023,16:28:45,15:28:45,2,2.2,30,100,2,,10.1,1,1,1,0,1,1,0,17.8,6.7,101.93101,0,122
pb236,rec 3,02/04/2023,16:29:45,15:29:45,2,2.2,50,100,2,,10.1,1,1,1,0,1,0,0,17.8,6.7,101.93101,0,142
pb237,rec 4,02/04/2023,16:32:00,15:32:00,2,2.2,50,100,2,,10.1,1,1,1,0,1,1,0,17.8,6.7,101.93101,0,147
pb238,rec 4,02/04/2023,16:33:00,15:33:00,2,2.2,30,100,2,,10.1,1,1,1,1,1,1,0,17.8,6.7,101.93101,0,127
pb239,rec 5,02/04/2023,16:34:00,15:34:00,2,2.2,30,100,2,,10.1,1,1,1,1,1,0,0,17.8,6.7,101.93101,0,131
pb240,rec 5,02/04/2023,16:35:00,15:35:00,2,2.2,50,100,2,,10.1,1,1,1,1,1,0,0,17.8,6.7,101.93101,0,151
